item_id,title,category,brand,price,season,tags,description,bundle,sensitive,launch_date
1,Смартфон Nova Note 12,electronics,Nova,19990.0,all,smartphone phone мобильный связь,"Смартфон Nova Note 12. Категория electronics, бренд Nova. smartphone phone мобильный связь. Сезон: all.",phone,0,
2,Смартфон Nova Note 13,electronics,Nova,24990.0,all,smartphone phone мобильный связь,"Смартфон Nova Note 13. Категория electronics, бренд Nova. smartphone phone мобильный связь. Сезон: all.",phone,0,
3,Смартфон Orbit A35,electronics,Orbit,32990.0,all,smartphone phone мобильный связь,"Смартфон Orbit A35. Категория electronics, бренд Orbit. smartphone phone мобильный связь. Сезон: all.",phone,0,
4,Смартфон Orbit S23,electronics,Orbit,69990.0,all,smartphone phone мобильный связь,"Смартфон Orbit S23. Категория electronics, бренд Orbit. smartphone phone мобильный связь. Сезон: all.",phone,0,
5,Смартфон Lumen X10,electronics,Lumen,39990.0,all,smartphone phone мобильный связь,"Смартфон Lumen X10. Категория electronics, бренд Lumen. smartphone phone мобильный связь. Сезон: all.",phone,0,
6,Чехол Nova силиконовый,electronics,Nova,990.0,all,case чехол phone аксессуар,"Чехол Nova силиконовый. Категория electronics, бренд Nova. case чехол phone аксессуар. Сезон: all.",phone,0,
7,Чехол Nova прозрачный,electronics,Nova,790.0,all,case чехол phone аксессуар,"Чехол Nova прозрачный. Категория electronics, бренд Nova. case чехол phone аксессуар. Сезон: all.",phone,0,
8,Чехол Orbit книжка,electronics,Orbit,1490.0,all,case чехол phone аксессуар,"Чехол Orbit книжка. Категория electronics, бренд Orbit. case чехол phone аксессуар. Сезон: all.",phone,0,
9,Чехол Lumen противоударный,electronics,Lumen,1290.0,all,case чехол phone аксессуар,"Чехол Lumen противоударный. Категория electronics, бренд Lumen. case чехол phone аксессуар. Сезон: all.",phone,0,
10,Зарядка Nova 33W,electronics,Nova,1490.0,all,charger зарядка cable phone,"Зарядка Nova 33W. Категория electronics, бренд Nova. charger зарядка cable phone. Сезон: all.",phone,0,
11,Зарядка Orbit 65W,electronics,Orbit,2490.0,all,charger зарядка cable phone,"Зарядка Orbit 65W. Категория electronics, бренд Orbit. charger зарядка cable phone. Сезон: all.",phone,0,
12,Кабель Lumen USB-C,electronics,Lumen,690.0,all,charger зарядка cable phone,"Кабель Lumen USB-C. Категория electronics, бренд Lumen. charger зарядка cable phone. Сезон: all.",phone,0,
13,Наушники Nova Buds,electronics,Nova,2990.0,all,earbuds headphones аудио музыка,"Наушники Nova Buds. Категория electronics, бренд Nova. earbuds headphones аудио музыка. Сезон: all.",,0,
14,Наушники Orbit Buds,electronics,Orbit,4490.0,all,earbuds headphones аудио музыка,"Наушники Orbit Buds. Категория electronics, бренд Orbit. earbuds headphones аудио музыка. Сезон: all.",,0,
15,Наушники Lumen Air,electronics,Lumen,5990.0,all,earbuds headphones аудио музыка,"Наушники Lumen Air. Категория electronics, бренд Lumen. earbuds headphones аудио музыка. Сезон: all.",,0,
16,Наушники Lumen Studio Max,electronics,Lumen,8990.0,all,earbuds headphones аудио музыка,"Наушники Lumen Studio Max. Категория electronics, бренд Lumen. earbuds headphones аудио музыка. Сезон: all.",,0,
17,Наушники Lumen Studio,electronics,Lumen,11990.0,all,headphones аудио музыка студийные,"Наушники Lumen Studio. Категория electronics, бренд Lumen. headphones аудио музыка студийные. Сезон: all.",,0,2026-08-01
18,Внешний аккумулятор Nova 10000,electronics,Nova,1990.0,all,powerbank аккумулятор phone,"Внешний аккумулятор Nova 10000. Категория electronics, бренд Nova. powerbank аккумулятор phone. Сезон: all.",phone,0,
19,Внешний аккумулятор Orbit 20000,electronics,Orbit,3490.0,all,powerbank аккумулятор travel,"Внешний аккумулятор Orbit 20000. Категория electronics, бренд Orbit. powerbank аккумулятор travel. Сезон: all.",,0,
20,Телевизор Lumen 43,electronics,Lumen,34990.0,all,tv телевизор экран дом,"Телевизор Lumen 43. Категория electronics, бренд Lumen. tv телевизор экран дом. Сезон: all.",,0,
21,Телевизор Orbit 55,electronics,Orbit,54990.0,all,tv телевизор экран дом,"Телевизор Orbit 55. Категория electronics, бренд Orbit. tv телевизор экран дом. Сезон: all.",,0,
22,Колонка Lumen Mini,electronics,Lumen,3990.0,all,speaker колонка аудио музыка,"Колонка Lumen Mini. Категория electronics, бренд Lumen. speaker колонка аудио музыка. Сезон: all.",,0,
23,Колонка Nova Home,electronics,Nova,5990.0,all,speaker колонка аудио дом,"Колонка Nova Home. Категория electronics, бренд Nova. speaker колонка аудио дом. Сезон: all.",,0,2026-08-01
24,Обогреватель Teplo 1500,home,Teplo,4590.0,winter,heater обогреватель тепло зима,"Обогреватель Teplo 1500. Категория home, бренд Teplo. heater обогреватель тепло зима. Сезон: winter.",,0,
25,Обогреватель Teplo керамический,home,Teplo,6290.0,winter,heater обогреватель тепло зима,"Обогреватель Teplo керамический. Категория home, бренд Teplo. heater обогреватель тепло зима. Сезон: winter.",,0,
26,Конвектор Teplo Compact,home,Teplo,3990.0,winter,heater обогреватель тепло зима,"Конвектор Teplo Compact. Категория home, бренд Teplo. heater обогреватель тепло зима. Сезон: winter.",,0,
27,Вентилятор Domov напольный,home,Domov,3290.0,summer,fan вентилятор прохлада лето,"Вентилятор Domov напольный. Категория home, бренд Domov. fan вентилятор прохлада лето. Сезон: summer.",,0,
28,Вентилятор Domov настольный,home,Domov,1890.0,summer,fan вентилятор прохлада лето,"Вентилятор Domov настольный. Категория home, бренд Domov. fan вентилятор прохлада лето. Сезон: summer.",,0,
29,Лампа Keram настольная,home,Keram,2490.0,all,lamp лампа свет дом,"Лампа Keram настольная. Категория home, бренд Keram. lamp лампа свет дом. Сезон: all.",,0,
30,Торшер Keram,home,Keram,5990.0,all,lamp торшер свет дом,"Торшер Keram. Категория home, бренд Keram. lamp торшер свет дом. Сезон: all.",,0,
31,Гирлянда Keram тёплый свет,home,Keram,990.0,winter,light гирлянда уют дом,"Гирлянда Keram тёплый свет. Категория home, бренд Keram. light гирлянда уют дом. Сезон: winter.",,0,2026-08-01
32,Постельное бельё Domov хлопок,home,Domov,3490.0,all,bedding постель текстиль дом,"Постельное бельё Domov хлопок. Категория home, бренд Domov. bedding постель текстиль дом. Сезон: all.",,0,
33,Подушка Domov,home,Domov,1490.0,all,bedding подушка сон дом,"Подушка Domov. Категория home, бренд Domov. bedding подушка сон дом. Сезон: all.",,0,
34,Одеяло Domov зима,home,Domov,3990.0,winter,blanket одеяло тепло сон,"Одеяло Domov зима. Категория home, бренд Domov. blanket одеяло тепло сон. Сезон: winter.",,0,
35,Пылесос Keram вертикальный,home,Keram,12990.0,all,vacuum пылесос уборка дом,"Пылесос Keram вертикальный. Категория home, бренд Keram. vacuum пылесос уборка дом. Сезон: all.",,0,
36,Чайник Teplo 1.7,home,Teplo,2490.0,all,kettle чайник кухня,"Чайник Teplo 1.7. Категория home, бренд Teplo. kettle чайник кухня. Сезон: all.",,0,
37,Кофеварка Keram,home,Keram,8990.0,all,coffee кофе кухня,"Кофеварка Keram. Категория home, бренд Keram. coffee кофе кухня. Сезон: all.",,0,
38,Кроссовки Runly Pace,sports,Runly,7990.0,all,shoes кроссовки бег спорт,"Кроссовки Runly Pace. Категория sports, бренд Runly. shoes кроссовки бег спорт. Сезон: all.",run,0,
39,Кроссовки Runly City,sports,Runly,8990.0,all,shoes кроссовки бег спорт,"Кроссовки Runly City. Категория sports, бренд Runly. shoes кроссовки бег спорт. Сезон: all.",run,0,
40,Кроссовки Vertex Trail,sports,Vertex,10990.0,all,shoes кроссовки бег спорт,"Кроссовки Vertex Trail. Категория sports, бренд Vertex. shoes кроссовки бег спорт. Сезон: all.",run,0,
41,Кроссовки Alta Daily,sports,Alta,6990.0,all,shoes кроссовки бег спорт,"Кроссовки Alta Daily. Категория sports, бренд Alta. shoes кроссовки бег спорт. Сезон: all.",run,0,
42,Носки Runly беговые 3 пары,sports,Runly,990.0,all,socks носки бег,"Носки Runly беговые 3 пары. Категория sports, бренд Runly. socks носки бег. Сезон: all.",run,0,
43,Носки Vertex спортивные,sports,Vertex,790.0,all,socks носки спорт,"Носки Vertex спортивные. Категория sports, бренд Vertex. socks носки спорт. Сезон: all.",run,0,
44,Лыжи Alta Classic,sports,Alta,18990.0,winter,ski лыжи зима снег,"Лыжи Alta Classic. Категория sports, бренд Alta. ski лыжи зима снег. Сезон: winter.",,0,
45,Ботинки лыжные Alta,sports,Alta,12990.0,winter,ski ботинки зима,"Ботинки лыжные Alta. Категория sports, бренд Alta. ski ботинки зима. Сезон: winter.",,0,
46,Купальник Runly,sports,Runly,3490.0,summer,swim купальник лето бассейн,"Купальник Runly. Категория sports, бренд Runly. swim купальник лето бассейн. Сезон: summer.",,0,
47,Очки для плавания Vertex,sports,Vertex,1490.0,summer,swim очки лето бассейн,"Очки для плавания Vertex. Категория sports, бренд Vertex. swim очки лето бассейн. Сезон: summer.",,0,
48,Гантели Vertex 2x5 кг,sports,Vertex,2990.0,all,fitness гантели тренировка,"Гантели Vertex 2x5 кг. Категория sports, бренд Vertex. fitness гантели тренировка. Сезон: all.",,0,
49,Коврик для йоги Runly,sports,Runly,1990.0,all,fitness коврик йога,"Коврик для йоги Runly. Категория sports, бренд Runly. fitness коврик йога. Сезон: all.",,0,
50,Мяч футбольный Alta,sports,Alta,2490.0,all,ball мяч футбол,"Мяч футбольный Alta. Категория sports, бренд Alta. ball мяч футбол. Сезон: all.",,0,
51,Бутылка для воды Vertex,sports,Vertex,890.0,all,bottle бутылка спорт,"Бутылка для воды Vertex. Категория sports, бренд Vertex. bottle бутылка спорт. Сезон: all.",,0,2026-08-01
52,Шампунь Flora объём,beauty,Flora,690.0,all,shampoo шампунь волосы уход,"Шампунь Flora объём. Категория beauty, бренд Flora. shampoo шампунь волосы уход. Сезон: all.",hair,0,
53,Шампунь Nive восстановление,beauty,Nive,590.0,all,shampoo шампунь волосы уход,"Шампунь Nive восстановление. Категория beauty, бренд Nive. shampoo шампунь волосы уход. Сезон: all.",hair,0,
54,Шампунь Purelab мягкий,beauty,Purelab,750.0,all,shampoo шампунь волосы уход,"Шампунь Purelab мягкий. Категория beauty, бренд Purelab. shampoo шампунь волосы уход. Сезон: all.",hair,0,
55,Бальзам Flora объём,beauty,Flora,640.0,all,conditioner бальзам волосы уход,"Бальзам Flora объём. Категория beauty, бренд Flora. conditioner бальзам волосы уход. Сезон: all.",hair,0,
56,Бальзам Nive восстановление,beauty,Nive,560.0,all,conditioner бальзам волосы уход,"Бальзам Nive восстановление. Категория beauty, бренд Nive. conditioner бальзам волосы уход. Сезон: all.",hair,0,
57,Бальзам Purelab мягкий,beauty,Purelab,720.0,all,conditioner бальзам волосы уход,"Бальзам Purelab мягкий. Категория beauty, бренд Purelab. conditioner бальзам волосы уход. Сезон: all.",hair,0,
58,Солнцезащитный крем Flora SPF50,beauty,Flora,990.0,summer,sunscreen спф лето защита,"Солнцезащитный крем Flora SPF50. Категория beauty, бренд Flora. sunscreen спф лето защита. Сезон: summer.",,0,
59,Солнцезащитный стик Purelab,beauty,Purelab,890.0,summer,sunscreen спф лето лицо,"Солнцезащитный стик Purelab. Категория beauty, бренд Purelab. sunscreen спф лето лицо. Сезон: summer.",,0,
60,Крем для рук Nive зима,beauty,Nive,390.0,winter,cream крем руки зима,"Крем для рук Nive зима. Категория beauty, бренд Nive. cream крем руки зима. Сезон: winter.",,0,
61,Крем для лица Flora питание,beauty,Flora,1290.0,winter,cream крем лицо зима уход,"Крем для лица Flora питание. Категория beauty, бренд Flora. cream крем лицо зима уход. Сезон: winter.",,0,
62,Сыворотка Purelab,beauty,Purelab,2490.0,all,serum сыворотка лицо уход,"Сыворотка Purelab. Категория beauty, бренд Purelab. serum сыворотка лицо уход. Сезон: all.",,0,2026-08-01
63,Туалетная вода Flora,beauty,Flora,3990.0,all,perfume парфюм аромат,"Туалетная вода Flora. Категория beauty, бренд Flora. perfume парфюм аромат. Сезон: all.",,0,
64,Дезодорант Nive,beauty,Nive,290.0,all,deodorant дезодорант уход,"Дезодорант Nive. Категория beauty, бренд Nive. deodorant дезодорант уход. Сезон: all.",,0,
65,Фолиевая кислота Purelab,health,Purelab,490.0,all,vitamin фолиевая витамины здоровье,"Фолиевая кислота Purelab. Категория health, бренд Purelab. vitamin фолиевая витамины здоровье. Сезон: all.",private,0,
66,Витамин D Purelab,health,Purelab,540.0,all,vitamin витамин здоровье,"Витамин D Purelab. Категория health, бренд Purelab. vitamin витамин здоровье. Сезон: all.",,0,
67,Витамин C Nive,health,Nive,390.0,all,vitamin витамин иммунитет,"Витамин C Nive. Категория health, бренд Nive. vitamin витамин иммунитет. Сезон: all.",,0,
68,Тест на беременность Flora,health,Flora,250.0,all,test тест личное здоровье,"Тест на беременность Flora. Категория health, бренд Flora. test тест личное здоровье. Сезон: all.",private,1,
69,Пластырь Nive набор,health,Nive,180.0,all,bandage пластырь аптечка,"Пластырь Nive набор. Категория health, бренд Nive. bandage пластырь аптечка. Сезон: all.",,0,
70,Книга: короткая история времени,books,Listok,890.0,all,book книга наука нонфикшн,"Книга: короткая история времени. Категория books, бренд Listok. book книга наука нонфикшн. Сезон: all.",,0,
71,Книга: город и море,books,More,750.0,all,book книга роман проза,"Книга: город и море. Категория books, бренд More. book книга роман проза. Сезон: all.",,0,
72,Книга: рецепты будней,books,Arka,990.0,all,book книга кулинария дом,"Книга: рецепты будней. Категория books, бренд Arka. book книга кулинария дом. Сезон: all.",,0,
73,Книга: введение в алгоритмы,books,Listok,1490.0,all,book книга программирование учёба,"Книга: введение в алгоритмы. Категория books, бренд Listok. book книга программирование учёба. Сезон: all.",,0,
74,Книга: детский атлас,books,More,690.0,all,book книга дети атлас,"Книга: детский атлас. Категория books, бренд More. book книга дети атлас. Сезон: all.",,0,
75,Книга: бег без травм,books,Arka,820.0,all,book книга спорт бег,"Книга: бег без травм. Категория books, бренд Arka. book книга спорт бег. Сезон: all.",,0,
76,Книга: зимние рассказы,books,Listok,640.0,all,book книга рассказы зима,"Книга: зимние рассказы. Категория books, бренд Listok. book книга рассказы зима. Сезон: all.",,0,
77,Книга: новый роман осени,books,More,880.0,all,book книга роман новинка,"Книга: новый роман осени. Категория books, бренд More. book книга роман новинка. Сезон: all.",,0,2026-08-01
78,Пальто Forma шерсть,fashion,Forma,14990.0,winter,coat пальто верхняя одежда зима,"Пальто Forma шерсть. Категория fashion, бренд Forma. coat пальто верхняя одежда зима. Сезон: winter.",,0,
79,Пуховик Thread,fashion,Thread,12990.0,winter,coat пальто верхняя одежда зима,"Пуховик Thread. Категория fashion, бренд Thread. coat пальто верхняя одежда зима. Сезон: winter.",,0,
80,Пальто Northwind,fashion,Northwind,16990.0,winter,coat пальто верхняя одежда зима,"Пальто Northwind. Категория fashion, бренд Northwind. coat пальто верхняя одежда зима. Сезон: winter.",,0,
81,Платье Forma лён,fashion,Forma,4990.0,summer,dress платье лето одежда,"Платье Forma лён. Категория fashion, бренд Forma. dress платье лето одежда. Сезон: summer.",,0,
82,Сарафан Thread,fashion,Thread,3990.0,summer,dress платье лето одежда,"Сарафан Thread. Категория fashion, бренд Thread. dress платье лето одежда. Сезон: summer.",,0,
83,Платье Northwind,fashion,Northwind,6990.0,summer,dress платье лето одежда,"Платье Northwind. Категория fashion, бренд Northwind. dress платье лето одежда. Сезон: summer.",,0,
84,Джинсы Forma прямые,fashion,Forma,5490.0,all,jeans джинсы одежда,"Джинсы Forma прямые. Категория fashion, бренд Forma. jeans джинсы одежда. Сезон: all.",,0,
85,Джинсы Thread,fashion,Thread,4590.0,all,jeans джинсы одежда,"Джинсы Thread. Категория fashion, бренд Thread. jeans джинсы одежда. Сезон: all.",,0,
86,Рубашка Northwind,fashion,Northwind,3990.0,all,shirt рубашка одежда,"Рубашка Northwind. Категория fashion, бренд Northwind. shirt рубашка одежда. Сезон: all.",,0,
87,Футболка Forma базовая,fashion,Forma,1990.0,all,tshirt футболка одежда,"Футболка Forma базовая. Категория fashion, бренд Forma. tshirt футболка одежда. Сезон: all.",,0,
88,Футболка Thread,fashion,Thread,1490.0,summer,tshirt футболка лето одежда,"Футболка Thread. Категория fashion, бренд Thread. tshirt футболка лето одежда. Сезон: summer.",,0,
89,Шарф Northwind шерсть,fashion,Northwind,2490.0,winter,scarf шарф зима аксессуар,"Шарф Northwind шерсть. Категория fashion, бренд Northwind. scarf шарф зима аксессуар. Сезон: winter.",,0,
90,Шапка Forma,fashion,Forma,1990.0,winter,hat шапка зима,"Шапка Forma. Категория fashion, бренд Forma. hat шапка зима. Сезон: winter.",,0,
91,Кроссовки Thread Street,fashion,Thread,6490.0,all,sneakers обувь город,"Кроссовки Thread Street. Категория fashion, бренд Thread. sneakers обувь город. Сезон: all.",,0,2026-08-01
