user_id,segment,fav_categories,fav_brands
1,cold,beauty|home,Keram|Purelab
2,cold,electronics|home,Keram|Lumen
3,cold,beauty|electronics,Flora|Purelab
4,cold,beauty|home,Flora|Teplo
5,cold,electronics|home,Keram|Teplo
6,cold,books|home,Arka|Keram
7,cold,beauty|books,Flora|More
8,cold,books|sports,Alta|Listok
9,cold,books|electronics,More|Nova
10,cold,beauty|fashion,Flora|Nive
11,cold,electronics|sports,Lumen|Runly
12,cold,fashion|home,Domov|Northwind
13,cold,books|sports,Listok|Vertex
14,cold,books|fashion,More|Northwind
15,cold,fashion|sports,Runly|Vertex
16,cold,books|fashion,Forma|Thread
17,cold,books|sports,Arka|Vertex
18,cold,fashion|home,Forma|Teplo
19,cold,home|sports,Keram|Runly
20,cold,beauty|home,Flora|Nive
21,cold,electronics|home,Keram|Orbit
22,cold,beauty|home,Nive|Teplo
23,cold,home|sports,Keram|Vertex
24,cold,electronics|sports,Orbit|Runly
25,cold,electronics|home,Domov|Keram
26,cold,beauty|books,Flora|Purelab
27,cold,beauty|fashion,Forma|Thread
28,cold,beauty|sports,Alta|Nive
29,cold,beauty|sports,Alta|Runly
30,cold,books|fashion,Listok|Thread
31,cold,beauty|sports,Flora|Purelab
32,cold,beauty|home,Flora|Nive
33,cold,electronics|sports,Alta|Runly
34,cold,electronics|home,Keram|Teplo
35,cold,books|home,Domov|Listok
36,cold,electronics|sports,Nova|Orbit
37,cold,home|sports,Teplo|Vertex
38,cold,books|electronics,Nova|Orbit
39,cold,beauty|sports,Alta|Flora
40,cold,home|sports,Domov|Keram
41,warm,beauty|home,Domov|Purelab
42,warm,beauty|electronics,Nive|Purelab
43,warm,books|fashion,Arka|Thread
44,warm,electronics|home,Keram|Orbit
45,warm,books|fashion,Listok|Thread
46,warm,home|sports,Teplo|Vertex
47,warm,electronics|sports,Alta|Runly
48,warm,home|sports,Domov|Keram
49,warm,books|home,Domov|More
50,warm,beauty|home,Domov|Purelab
51,warm,books|sports,More|Runly
52,warm,beauty|electronics,Lumen|Orbit
53,warm,electronics|home,Lumen|Teplo
54,warm,beauty|fashion,Flora|Forma
55,warm,books|home,Keram|Listok
56,warm,books|fashion,Listok|Thread
57,warm,home|sports,Teplo|Vertex
58,warm,electronics|fashion,Orbit|Thread
59,warm,electronics|home,Domov|Lumen
60,warm,beauty|books,Listok|Purelab
61,warm,books|fashion,Arka|Thread
62,warm,beauty|books,Listok|Nive
63,warm,beauty|fashion,Forma|Purelab
64,warm,books|fashion,Arka|More
65,warm,books|electronics,Listok|Lumen
66,warm,beauty|sports,Flora|Runly
67,warm,beauty|electronics,Nova|Orbit
68,warm,books|sports,Runly|Vertex
69,warm,books|fashion,Listok|Northwind
70,warm,beauty|electronics,Flora|Nive
71,warm,books|sports,More|Runly
72,warm,beauty|books,More|Purelab
73,warm,electronics|sports,Lumen|Vertex
74,warm,beauty|fashion,Flora|Thread
75,warm,fashion|sports,Northwind|Runly
76,warm,electronics|home,Domov|Keram
77,warm,home|sports,Alta|Keram
78,warm,beauty|electronics,Flora|Nova
79,warm,beauty|home,Domov|Keram
80,warm,beauty|books,Arka|Listok
81,warm,beauty|electronics,Lumen|Nive
82,warm,books|fashion,Forma|Northwind
83,warm,books|home,Domov|More
84,warm,books|electronics,Nova|Orbit
85,warm,beauty|sports,Purelab|Vertex
86,warm,beauty|electronics,Nive|Orbit
87,warm,beauty|electronics,Lumen|Purelab
88,warm,electronics|home,Nova|Orbit
89,warm,books|fashion,Forma|Thread
90,warm,books|home,Listok|More
91,warm,beauty|electronics,Flora|Orbit
92,warm,home|sports,Alta|Teplo
93,warm,electronics|fashion,Forma|Thread
94,warm,electronics|fashion,Forma|Orbit
95,warm,beauty|home,Domov|Flora
96,warm,fashion|home,Forma|Keram
97,warm,books|fashion,Arka|Forma
98,warm,beauty|books,More|Purelab
99,warm,books|home,Arka|Keram
100,warm,fashion|home,Keram|Teplo
101,warm,beauty|sports,Alta|Purelab
102,warm,beauty|sports,Runly|Vertex
103,warm,books|home,Arka|Keram
104,warm,electronics|fashion,Forma|Nova
105,warm,books|sports,Alta|Arka
106,warm,electronics|sports,Nova|Orbit
107,warm,electronics|fashion,Lumen|Nova
108,warm,home|sports,Domov|Teplo
109,warm,electronics|fashion,Orbit|Thread
110,warm,beauty|electronics,Nive|Purelab
111,warm,fashion|sports,Alta|Northwind
112,warm,books|electronics,Lumen|More
113,warm,books|home,Domov|Listok
114,warm,books|fashion,Arka|Listok
115,warm,beauty|fashion,Flora|Northwind
116,warm,electronics|fashion,Lumen|Orbit
117,warm,electronics|sports,Lumen|Nova
118,warm,home|sports,Teplo|Vertex
119,warm,electronics|fashion,Northwind|Thread
120,warm,beauty|electronics,Lumen|Nova
121,warm,beauty|home,Flora|Keram
122,warm,books|home,Keram|More
123,warm,beauty|sports,Alta|Purelab
124,warm,books|fashion,Northwind|Thread
125,warm,books|electronics,Arka|Lumen
126,warm,books|fashion,Forma|Listok
127,warm,beauty|electronics,Flora|Nive
128,warm,beauty|books,Arka|Purelab
129,warm,beauty|fashion,Flora|Northwind
130,warm,electronics|home,Keram|Nova
131,warm,fashion|sports,Northwind|Thread
132,warm,beauty|sports,Flora|Vertex
133,warm,books|fashion,Forma|Northwind
134,warm,fashion|home,Domov|Keram
135,warm,books|electronics,More|Orbit
136,warm,electronics|home,Domov|Nova
137,warm,books|home,Domov|More
138,warm,beauty|electronics,Flora|Nova
139,warm,beauty|sports,Nive|Purelab
140,warm,beauty|electronics,Lumen|Purelab
141,warm,beauty|sports,Alta|Purelab
142,warm,fashion|sports,Alta|Thread
143,warm,electronics|home,Orbit|Teplo
144,warm,beauty|electronics,Flora|Nova
145,warm,beauty|home,Purelab|Teplo
146,warm,books|sports,Listok|More
147,warm,beauty|books,More|Purelab
148,warm,electronics|sports,Lumen|Nova
149,warm,beauty|home,Flora|Purelab
150,warm,electronics|sports,Alta|Runly
151,warm,books|sports,Arka|More
152,warm,beauty|fashion,Forma|Thread
153,warm,home|sports,Alta|Keram
154,warm,beauty|home,Flora|Keram
155,warm,electronics|sports,Lumen|Vertex
156,warm,electronics|home,Domov|Keram
157,warm,beauty|books,Flora|More
158,warm,books|electronics,Listok|Lumen
159,warm,books|electronics,Lumen|Orbit
160,warm,electronics|home,Lumen|Nova
161,warm,fashion|sports,Runly|Thread
162,warm,beauty|electronics,Flora|Nive
163,warm,books|fashion,Arka|Northwind
164,warm,beauty|books,Flora|More
165,warm,books|electronics,Listok|Nova
166,warm,beauty|home,Purelab|Teplo
167,warm,books|electronics,Arka|Listok
168,warm,beauty|electronics,Flora|Orbit
169,warm,books|fashion,Listok|Northwind
170,warm,books|fashion,Arka|Listok
171,warm,electronics|fashion,Northwind|Nova
172,warm,books|sports,More|Runly
173,warm,beauty|electronics,Flora|Orbit
174,warm,books|fashion,Listok|More
175,warm,electronics|fashion,Northwind|Nova
176,warm,books|sports,Arka|More
177,warm,books|home,Arka|Teplo
178,warm,fashion|sports,Alta|Northwind
179,warm,electronics|sports,Nova|Vertex
180,warm,beauty|electronics,Orbit|Purelab
181,warm,fashion|home,Keram|Thread
182,warm,beauty|fashion,Northwind|Thread
183,warm,electronics|home,Domov|Teplo
184,warm,home|sports,Teplo|Vertex
185,warm,beauty|sports,Runly|Vertex
186,warm,books|fashion,Arka|Forma
187,warm,beauty|books,Listok|Purelab
188,warm,books|home,Arka|Teplo
189,warm,books|fashion,Listok|Northwind
190,warm,fashion|home,Domov|Keram
191,warm,electronics|fashion,Lumen|Orbit
192,warm,home|sports,Keram|Runly
193,warm,home|sports,Domov|Vertex
194,warm,fashion|sports,Thread|Vertex
195,warm,fashion|home,Keram|Thread
196,warm,books|home,Domov|More
197,warm,beauty|home,Purelab|Teplo
198,warm,beauty|fashion,Forma|Thread
199,warm,fashion|home,Domov|Teplo
200,warm,beauty|fashion,Forma|Northwind
201,warm,electronics|sports,Nova|Orbit
202,warm,home|sports,Keram|Vertex
203,warm,beauty|books,Flora|Nive
204,warm,books|electronics,Arka|Orbit
205,warm,fashion|home,Domov|Northwind
206,warm,fashion|sports,Alta|Northwind
207,warm,beauty|home,Flora|Keram
208,warm,home|sports,Runly|Vertex
209,warm,fashion|home,Keram|Thread
210,warm,books|sports,Arka|More
211,warm,books|fashion,Arka|Thread
212,warm,beauty|home,Domov|Flora
213,warm,electronics|home,Keram|Orbit
214,warm,books|sports,Listok|Vertex
215,warm,books|home,Arka|Listok
216,warm,fashion|sports,Alta|Northwind
217,warm,books|electronics,Arka|Nova
218,warm,books|sports,Listok|More
219,warm,fashion|home,Domov|Thread
220,warm,beauty|fashion,Nive|Northwind
221,warm,electronics|fashion,Lumen|Orbit
222,warm,electronics|sports,Alta|Nova
223,warm,electronics|fashion,Lumen|Orbit
224,warm,beauty|home,Flora|Nive
225,warm,beauty|sports,Nive|Runly
226,warm,books|electronics,Listok|Nova
227,warm,electronics|sports,Nova|Vertex
228,warm,beauty|home,Flora|Keram
229,warm,beauty|home,Domov|Teplo
230,warm,beauty|books,Flora|Listok
231,warm,books|electronics,Arka|Lumen
232,warm,books|home,Keram|Teplo
233,warm,beauty|home,Keram|Nive
234,warm,books|electronics,Lumen|Orbit
235,warm,electronics|fashion,Lumen|Northwind
236,warm,home|sports,Domov|Teplo
237,warm,beauty|books,Arka|Listok
238,warm,home|sports,Domov|Runly
239,warm,fashion|sports,Northwind|Thread
240,warm,home|sports,Alta|Runly
241,warm,home|sports,Alta|Domov
242,warm,beauty|home,Domov|Nive
243,warm,books|home,More|Teplo
244,warm,books|fashion,Arka|Forma
245,warm,electronics|sports,Lumen|Orbit
246,warm,beauty|fashion,Nive|Thread
247,warm,fashion|sports,Forma|Vertex
248,warm,electronics|fashion,Forma|Lumen
249,warm,electronics|sports,Lumen|Nova
250,warm,electronics|sports,Lumen|Vertex
251,warm,fashion|home,Northwind|Teplo
252,warm,books|sports,Alta|Runly
253,warm,books|fashion,Arka|Northwind
254,warm,beauty|sports,Nive|Runly
255,warm,beauty|books,Flora|More
256,warm,fashion|sports,Thread|Vertex
257,warm,electronics|fashion,Lumen|Nova
258,warm,beauty|home,Nive|Teplo
259,warm,books|electronics,Listok|Nova
260,warm,beauty|books,Listok|Purelab
261,warm,books|fashion,Listok|Thread
262,warm,books|sports,Arka|Vertex
263,warm,beauty|books,Listok|More
264,warm,books|fashion,Listok|Northwind
265,warm,books|sports,Alta|More
266,warm,fashion|sports,Northwind|Vertex
267,warm,electronics|fashion,Lumen|Orbit
268,warm,books|electronics,Listok|Nova
269,warm,home|sports,Runly|Vertex
270,warm,books|home,Listok|Teplo
271,warm,fashion|home,Northwind|Teplo
272,warm,beauty|books,Flora|Listok
273,warm,books|electronics,Listok|Lumen
274,warm,beauty|sports,Runly|Vertex
275,warm,fashion|home,Forma|Keram
276,warm,books|sports,Alta|Arka
277,warm,beauty|books,Flora|Purelab
278,warm,beauty|books,Arka|More
279,warm,electronics|sports,Nova|Orbit
280,warm,books|home,Domov|Teplo
281,warm,books|fashion,More|Northwind
282,warm,electronics|sports,Nova|Orbit
283,warm,beauty|electronics,Nive|Orbit
284,warm,electronics|fashion,Nova|Orbit
285,warm,beauty|home,Keram|Teplo
286,warm,books|fashion,Listok|Thread
287,warm,beauty|electronics,Nive|Orbit
288,warm,books|fashion,Listok|Northwind
289,warm,beauty|books,Arka|More
290,warm,books|sports,Runly|Vertex
291,warm,beauty|home,Keram|Teplo
292,warm,books|fashion,Listok|Thread
293,warm,beauty|books,Flora|Listok
294,warm,books|home,Domov|Teplo
295,warm,books|fashion,Northwind|Thread
296,warm,beauty|sports,Purelab|Vertex
297,warm,beauty|books,More|Purelab
298,warm,books|fashion,Northwind|Thread
299,warm,fashion|home,Forma|Keram
300,warm,electronics|home,Keram|Nova
301,warm,electronics|home,Lumen|Teplo
302,warm,electronics|home,Keram|Teplo
303,warm,beauty|sports,Alta|Runly
304,warm,fashion|home,Keram|Northwind
305,warm,electronics|sports,Runly|Vertex
306,warm,electronics|sports,Alta|Nova
307,warm,beauty|books,Arka|Listok
308,warm,beauty|sports,Alta|Flora
309,warm,electronics|fashion,Forma|Lumen
310,warm,beauty|fashion,Flora|Forma
311,warm,books|electronics,Listok|Orbit
312,warm,books|sports,Arka|Vertex
313,warm,home|sports,Alta|Runly
314,warm,beauty|home,Flora|Keram
315,warm,home|sports,Keram|Runly
316,warm,beauty|sports,Flora|Nive
317,warm,beauty|sports,Nive|Vertex
318,warm,electronics|home,Keram|Orbit
319,warm,books|fashion,Arka|Thread
320,warm,electronics|fashion,Nova|Thread
321,warm,fashion|home,Keram|Thread
322,warm,fashion|sports,Alta|Northwind
323,warm,beauty|books,Listok|Purelab
324,warm,books|sports,Arka|More
325,warm,beauty|books,Nive|Purelab
326,warm,fashion|sports,Alta|Vertex
327,warm,fashion|sports,Alta|Thread
328,warm,beauty|sports,Alta|Vertex
329,warm,electronics|sports,Alta|Runly
330,warm,electronics|sports,Nova|Orbit
331,warm,beauty|sports,Purelab|Vertex
332,warm,electronics|fashion,Orbit|Thread
333,warm,beauty|electronics,Nova|Purelab
334,warm,electronics|home,Nova|Orbit
335,warm,beauty|books,Flora|More
336,warm,beauty|books,Flora|Nive
337,warm,electronics|sports,Alta|Nova
338,warm,beauty|sports,Alta|Vertex
339,warm,beauty|fashion,Flora|Thread
340,warm,books|sports,Alta|More
341,warm,books|electronics,Arka|More
342,warm,electronics|sports,Nova|Orbit
343,warm,electronics|sports,Alta|Lumen
344,warm,beauty|home,Domov|Purelab
345,warm,books|home,Arka|Keram
346,warm,beauty|sports,Nive|Runly
347,warm,fashion|sports,Northwind|Runly
348,warm,books|sports,Alta|More
349,warm,electronics|home,Domov|Teplo
350,warm,electronics|sports,Alta|Vertex
351,warm,fashion|sports,Alta|Forma
352,warm,home|sports,Domov|Vertex
353,warm,beauty|fashion,Forma|Northwind
354,warm,books|sports,Alta|Arka
355,warm,beauty|home,Flora|Keram
356,warm,electronics|sports,Orbit|Vertex
357,warm,electronics|home,Domov|Orbit
358,warm,beauty|electronics,Flora|Lumen
359,warm,electronics|home,Nova|Orbit
360,warm,beauty|books,Nive|Purelab
361,warm,beauty|fashion,Forma|Thread
362,warm,beauty|fashion,Forma|Thread
363,warm,books|home,Arka|Domov
364,warm,beauty|sports,Runly|Vertex
365,warm,books|sports,Arka|More
366,warm,books|home,Keram|More
367,warm,home|sports,Domov|Keram
368,warm,books|sports,Listok|Runly
369,warm,fashion|sports,Alta|Northwind
370,warm,electronics|fashion,Lumen|Nova
371,warm,electronics|home,Domov|Teplo
372,warm,home|sports,Domov|Teplo
373,warm,beauty|sports,Purelab|Runly
374,warm,books|sports,Listok|Runly
375,warm,books|electronics,More|Orbit
376,warm,books|electronics,Listok|Lumen
377,warm,beauty|books,More|Purelab
378,warm,books|fashion,Forma|Northwind
379,warm,beauty|electronics,Nive|Orbit
380,warm,books|sports,Alta|Runly
381,warm,beauty|home,Nive|Teplo
382,warm,electronics|home,Domov|Teplo
383,warm,books|sports,Alta|Runly
384,warm,books|fashion,Arka|Thread
385,warm,books|electronics,More|Nova
386,warm,books|sports,Alta|Vertex
387,warm,fashion|home,Keram|Northwind
388,warm,beauty|sports,Nive|Purelab
389,warm,beauty|home,Keram|Teplo
390,warm,beauty|electronics,Nive|Nova
391,warm,electronics|fashion,Forma|Northwind
392,warm,electronics|home,Keram|Orbit
393,warm,fashion|home,Domov|Forma
394,warm,books|sports,More|Vertex
395,warm,home|sports,Teplo|Vertex
396,warm,beauty|fashion,Forma|Northwind
397,warm,beauty|home,Keram|Teplo
398,warm,fashion|sports,Forma|Thread
399,warm,fashion|home,Keram|Northwind
400,warm,beauty|books,More|Purelab
401,warm,fashion|home,Domov|Forma
402,warm,beauty|sports,Alta|Vertex
403,warm,electronics|fashion,Lumen|Nova
404,warm,beauty|sports,Flora|Runly
405,warm,fashion|home,Domov|Forma
406,warm,home|sports,Domov|Vertex
407,warm,electronics|home,Keram|Orbit
408,warm,home|sports,Runly|Teplo
409,warm,books|sports,Alta|Arka
410,warm,electronics|fashion,Nova|Thread
411,warm,beauty|sports,Purelab|Vertex
412,warm,beauty|home,Purelab|Teplo
413,warm,books|sports,Alta|Arka
414,warm,beauty|electronics,Nive|Nova
415,warm,electronics|fashion,Lumen|Orbit
416,warm,electronics|fashion,Forma|Thread
417,warm,fashion|sports,Alta|Runly
418,warm,electronics|home,Keram|Nova
419,warm,electronics|fashion,Lumen|Northwind
420,warm,beauty|sports,Flora|Vertex
421,warm,fashion|sports,Northwind|Vertex
422,warm,electronics|sports,Alta|Nova
423,warm,beauty|home,Keram|Nive
424,warm,electronics|sports,Lumen|Orbit
425,warm,electronics|home,Keram|Teplo
426,warm,beauty|fashion,Purelab|Thread
427,warm,beauty|electronics,Nive|Purelab
428,warm,beauty|electronics,Flora|Purelab
429,warm,electronics|home,Lumen|Orbit
430,warm,beauty|fashion,Forma|Northwind
431,warm,beauty|electronics,Nive|Purelab
432,warm,electronics|fashion,Forma|Orbit
433,warm,electronics|sports,Alta|Orbit
434,warm,electronics|sports,Alta|Nova
435,warm,fashion|home,Domov|Forma
436,warm,beauty|home,Nive|Purelab
437,warm,electronics|home,Keram|Nova
438,warm,electronics|fashion,Forma|Orbit
439,warm,beauty|home,Flora|Purelab
440,warm,beauty|fashion,Nive|Northwind
441,warm,books|home,Domov|Teplo
442,warm,fashion|home,Domov|Thread
443,warm,books|sports,Listok|More
444,warm,electronics|home,Domov|Orbit
445,warm,home|sports,Alta|Vertex
446,warm,beauty|home,Flora|Nive
447,warm,beauty|books,Listok|More
448,warm,books|electronics,Listok|More
449,warm,fashion|home,Teplo|Thread
450,warm,beauty|fashion,Northwind|Thread
451,warm,books|electronics,Lumen|Nova
452,warm,electronics|home,Domov|Orbit
453,warm,beauty|sports,Alta|Vertex
454,warm,books|home,Domov|Listok
455,warm,fashion|home,Forma|Thread
456,warm,books|electronics,Lumen|Orbit
457,warm,beauty|books,Arka|More
458,warm,fashion|home,Keram|Northwind
459,warm,books|home,Arka|More
460,warm,beauty|sports,Purelab|Runly
461,warm,electronics|fashion,Nova|Thread
462,warm,books|home,Listok|More
463,warm,electronics|fashion,Forma|Lumen
464,warm,electronics|home,Orbit|Teplo
465,warm,beauty|home,Nive|Teplo
466,warm,books|sports,Alta|Listok
467,warm,electronics|home,Lumen|Orbit
468,warm,beauty|fashion,Nive|Purelab
469,warm,books|sports,Alta|Arka
470,warm,electronics|home,Keram|Orbit
471,warm,electronics|fashion,Lumen|Orbit
472,warm,beauty|books,Flora|Purelab
473,warm,home|sports,Keram|Runly
474,warm,fashion|sports,Northwind|Thread
475,warm,fashion|sports,Forma|Runly
476,warm,beauty|home,Nive|Purelab
477,warm,beauty|electronics,Nive|Purelab
478,warm,books|home,Arka|Teplo
479,warm,electronics|home,Domov|Teplo
480,warm,beauty|home,Flora|Teplo
481,warm,beauty|fashion,Nive|Thread
482,warm,beauty|sports,Nive|Runly
483,warm,home|sports,Runly|Vertex
484,warm,electronics|fashion,Northwind|Thread
485,warm,books|fashion,Arka|More
486,warm,electronics|sports,Nova|Runly
487,warm,books|electronics,Lumen|Orbit
488,warm,beauty|electronics,Flora|Nive
489,warm,electronics|home,Domov|Orbit
490,warm,books|fashion,Forma|Thread
491,warm,beauty|electronics,Nive|Orbit
492,warm,books|sports,Arka|Listok
493,warm,beauty|sports,Nive|Vertex
494,warm,books|electronics,Listok|Lumen
495,warm,books|fashion,More|Thread
496,warm,beauty|electronics,Nive|Nova
497,warm,books|home,Keram|Listok
498,warm,books|home,Listok|Teplo
499,warm,books|fashion,Forma|Listok
500,warm,fashion|sports,Northwind|Vertex
